run_id,stage_results
run-21715010a31f48038c7193908d20392f,3
run-33b29e26de2a49d0a642399d726ceec7,6
run-6240a5c5fd2a48cc84467fb611148238,3
run-709bc5fa01ff4b1f8299050b8ad54fe8,5
run-77d98d2aaa7443aa97432ec90fe589d4,1
run-89769f067892485fb74f38a8e47e80bd,5
run-89d163b670df4f459f8769fb9fa9352f,3
run-8cf50133e9cc44ca8084cbc7c9bb2ff2,5
run-9a02e1e948ac4bd885ecd598bb5ae651,3
run-9b0637aab3ce46b0b41934edd448dbe3,3
run-add69d1e68824903875f5a49b0f89a89,5
run-bbd027a50d7f41dea60076da1c2f80c6,2
run-bddf4d78bf214d50b0b42a0d27d3be6f,3
run-f26739ab046842bfbbb4cfae527b584b,3
run-fab5d0cd5e6c40e78291f4838c8eddd4,2
